,City,Lat,Lng,Max Temp,Humidity,Cloudiness,Wind Speed,Country,Date
0,Atuona,-9.8,-139.03,77.95,73,26,22.37,PF,1600881410
1,Puerto Ayora,-0.74,-90.35,71.01,83,93,7.0,EC,1600881411
2,Dingle,11.0,122.67,76.06,88,60,1.36,PH,1600881411
3,East London,-33.02,27.91,64.4,77,5,4.7,ZA,1600881412
4,Ponta do Sol,32.67,-17.1,78.8,61,40,11.41,PT,1600881412
5,Paka,4.64,103.44,77.0,94,64,3.15,MY,1600881413
6,Portland,45.52,-122.68,64.0,77,90,9.17,US,1600881413
7,Busselton,-33.65,115.33,57.0,54,0,13.62,AU,1600881414
8,Abhā,18.22,42.51,77.0,14,75,12.75,SA,1600881141
9,Alice Springs,-23.7,133.88,53.6,34,0,8.19,AU,1600881415
10,Cape Town,-33.93,18.42,61.0,87,22,13.87,ZA,1600881415
11,Rikitea,-23.12,-134.97,72.12,74,3,12.86,PF,1600881416
12,Hobart,-42.88,147.33,42.8,87,75,4.7,AU,1600881295
13,Severnyy,50.68,36.55,68.0,32,0,2.24,RU,1600881417
14,Qaanaaq,77.48,-69.36,16.2,83,78,13.78,GL,1600881251
15,Bluff,-46.6,168.33,51.01,75,73,5.01,NZ,1600881418
16,Cherskiy,68.75,161.3,41.27,93,100,15.46,RU,1600881419
17,Esperance,-33.87,121.9,48.2,100,11,5.82,AU,1600881419
18,Keetmanshoop,-26.58,18.13,87.8,22,0,6.93,NA,1600881420
19,Tuktoyaktuk,69.45,-133.04,37.4,93,90,6.93,CA,1600881420
20,Gladstone,-23.85,151.25,71.6,88,90,3.36,AU,1600881421
21,Mahébourg,-20.41,57.7,69.8,73,40,5.82,MU,1600881246
22,Muros,42.78,-9.06,66.0,75,100,8.99,ES,1600881422
23,Gobabis,-22.45,18.97,79.48,17,87,5.3,NA,1600881422
24,Arraial do Cabo,-22.97,-42.03,75.2,64,75,11.41,BR,1600881423
25,Albany,42.6,-73.97,73.99,51,70,5.01,US,1600881423
26,Carnarvon,-24.87,113.63,62.6,72,75,4.7,AU,1600881424
27,Ushuaia,-54.8,-68.3,51.8,74,75,19.46,AR,1600881424
28,Lagoa,39.05,-27.98,64.44,75,49,21.77,PT,1600881425
29,Tasiilaq,65.61,-37.64,33.8,50,20,3.36,GL,1600881425
30,Vaini,-21.2,-175.2,69.8,88,20,5.82,TO,1600881427
31,Nemuro,43.32,145.57,56.16,70,0,11.68,JP,1600881427
32,Sitka,57.05,-135.33,53.6,81,90,11.41,US,1600881429
33,Faanui,-16.48,-151.75,78.62,80,17,17.34,PF,1600881429
34,Lebu,-37.62,-73.65,55.38,65,30,14.36,CL,1600881430
35,Mataura,-46.19,168.86,51.01,75,94,5.01,NZ,1600881430
36,Avarua,-21.21,-159.78,73.4,94,95,8.05,CK,1600881431
37,Shingū,33.73,135.98,68.59,80,15,6.26,JP,1600881179
38,Mount Gambier,-37.83,140.77,42.8,93,75,5.82,AU,1600881432
39,Shenjiamen,29.96,122.3,71.58,81,100,14.0,CN,1600881432
40,Jamestown,42.1,-79.24,72.0,64,40,11.41,US,1600881433
41,Bambous Virieux,-20.34,57.76,69.8,73,40,5.82,MU,1600881433
42,Punta Arenas,-53.15,-70.92,53.6,54,75,29.97,CL,1600881434
43,Hualmay,-11.1,-77.61,68.45,65,49,8.19,PE,1600881434
44,Yellowknife,62.46,-114.35,48.99,93,75,11.41,CA,1600881435
45,Saskylakh,71.92,114.08,45.12,73,0,14.63,RU,1600881435
46,Chagoda,59.16,35.33,53.71,93,0,5.03,RU,1600881437
47,Mana,5.66,-53.78,87.24,60,94,13.47,GF,1600881437
48,Alakurtti,66.97,30.35,48.0,77,96,8.99,RU,1600881438
49,Saint-Pierre,-21.34,55.48,68.0,68,4,4.7,RE,1600881438
50,Rawson,-43.3,-65.1,61.16,31,0,4.07,AR,1600881439
51,Alofi,-19.06,-169.92,66.2,100,100,2.24,NU,1600881439
52,Barrow,71.29,-156.79,30.2,74,90,3.36,US,1600881440
53,Srednekolymsk,67.45,153.68,36.68,90,48,7.14,RU,1600881440
54,Dikson,73.51,80.55,40.28,85,90,17.74,RU,1600881397
55,Lavrentiya,65.58,-171.0,38.53,86,89,5.3,RU,1600881441
56,Edremit,39.6,27.02,73.4,64,1,5.82,TR,1600881442
57,Itaituba,-4.28,-55.98,95.0,50,20,3.94,BR,1600881442
58,Grand Gaube,-20.01,57.66,68.0,73,0,3.0,MU,1600881443
59,Buraidah,26.33,43.98,96.8,18,0,5.82,SA,1600881443
60,Tortolì,39.93,9.66,82.4,30,20,18.34,IT,1600881444
61,Kaitangata,-46.28,169.85,48.99,74,85,4.0,NZ,1600881444
62,Visby,57.64,18.3,64.4,68,38,10.29,SE,1600881445
63,Archidona,37.1,-4.39,82.99,59,14,1.99,ES,1600881445
64,Talnakh,69.49,88.4,37.4,86,91,6.71,RU,1600881446
65,Upernavik,72.79,-56.15,27.0,97,98,8.95,GL,1600881447
66,Broome,42.25,-75.83,73.99,52,40,14.99,US,1600881447
67,Muzhi,65.37,64.67,39.38,93,100,3.58,RU,1600881448
68,New Norfolk,-42.78,147.06,41.0,77,42,2.21,AU,1600881448
69,Hermanus,-34.42,19.23,57.99,86,0,6.71,ZA,1600881449
70,Tateyama,34.98,139.87,66.2,93,75,24.16,JP,1600881449
71,Serik,36.92,31.1,80.6,74,20,5.82,TR,1600881450
72,KwaDukuza,-29.33,31.29,66.2,82,0,4.7,ZA,1600881450
73,Rome,43.21,-75.46,66.99,68,90,9.17,US,1600881451
74,Kapaa,22.08,-159.32,80.6,74,40,12.75,US,1600881451
75,Caravelas,-17.71,-39.25,80.46,61,77,10.74,BR,1600881452
76,Shimoda,34.67,138.95,63.0,88,100,3.0,JP,1600881452
77,Ribeira Grande,38.52,-28.7,68.0,64,75,17.22,PT,1600881453
78,Port Alfred,-33.59,26.89,63.72,74,31,7.4,ZA,1600881453
79,Mar del Plata,-38.0,-57.56,62.6,55,94,6.93,AR,1600881454
80,Thinadhoo,0.53,72.93,82.98,64,48,6.08,MV,1600881304
81,Campos Novos,-27.4,-51.23,75.94,44,0,1.21,BR,1600881455
82,Lompoc,34.64,-120.46,66.2,82,1,6.93,US,1600881455
83,Ransang,8.96,117.58,80.82,79,80,5.1,PH,1600881456
84,Yar-Sale,66.83,70.83,39.0,84,81,9.06,RU,1600881457
85,Husavik,66.04,-17.34,37.4,83,75,12.75,IS,1600881457
86,Dzerzhinsk,56.24,43.46,61.0,93,0,1.45,RU,1600881458
87,Khatanga,71.97,102.5,46.56,93,100,3.85,RU,1600881419
88,Dawlatabad,36.41,64.91,58.91,29,0,4.07,AF,1600881459
89,Narsaq,60.92,-46.05,44.6,19,40,8.05,GL,1600881460
90,Āstāneh-ye Ashrafīyeh,37.26,49.94,71.6,94,75,6.93,IR,1600881460
91,Cabo San Lucas,22.89,-109.91,91.0,66,20,8.05,MX,1600881352
92,Butaritari,3.07,172.79,81.55,76,69,15.23,KI,1600881461
93,Meulaboh,4.14,96.13,74.8,92,100,6.24,ID,1600881462
94,Bitburg,49.97,6.53,68.0,63,75,8.05,DE,1600881462
95,San Juan,-31.54,-68.54,79.23,16,91,11.43,AR,1600881463
96,Sri Aman,1.24,111.46,77.0,94,100,2.1,MY,1600881463
97,Havre-St-Pierre,50.23,-63.6,57.2,76,90,12.75,CA,1600881464
98,‘Āhuimanu,21.44,-157.84,79.0,74,20,10.29,US,1600881465
99,Jalu,29.03,21.55,83.55,31,0,7.14,LY,1600881247
100,La Orilla,17.98,-102.23,86.61,67,0,2.77,MX,1600881467
101,Hilo,19.73,-155.09,73.4,88,90,1.48,US,1600881467
102,Saint Paul Harbor,57.79,-152.41,51.8,81,90,10.29,US,1600881468
103,Kaka,37.35,59.61,60.4,30,0,5.75,TM,1600881469
104,Goba,7.02,39.98,53.51,82,93,2.48,ET,1600881469
105,Port Hardy,50.7,-127.42,55.4,93,90,4.7,CA,1600881470
106,Sosnovo-Ozerskoye,52.52,111.54,36.75,93,44,4.38,RU,1600881471
107,Tignère,7.37,12.65,67.24,93,86,4.47,CM,1600881471
108,Iqaluit,63.75,-68.51,35.6,82,90,23.04,CA,1600881472
109,Hong Kong,22.29,114.16,82.99,81,90,1.99,HK,1600881180
110,Castro,-24.79,-50.01,69.26,59,70,5.14,BR,1600881473
111,Spring Valley,36.11,-115.25,87.8,16,1,3.36,US,1600881474
112,Naze,28.37,129.48,78.8,94,90,2.24,JP,1600881474
113,Kaduqli,11.02,29.72,79.5,71,1,4.88,SD,1600881476
114,Kuzhorskaya,44.68,40.31,65.37,60,0,8.28,RU,1600881477
115,Puerto Escondido,15.85,-97.07,87.8,62,20,4.7,MX,1600881478
116,Fortuna,40.6,-124.16,72.0,72,1,5.82,US,1600881478
117,Flagstaff,35.2,-111.65,75.0,24,1,4.74,US,1600881479
118,San Patricio,19.22,-104.7,86.0,74,40,1.95,MX,1600881479
119,Makurdi,7.74,8.51,81.25,81,75,5.88,NG,1600881234
120,Saint-Philippe,-21.36,55.77,68.0,68,22,4.7,RE,1600881480
121,Mandalgovi,45.76,106.27,51.42,59,79,11.21,MN,1600881481
122,Seymchan,62.88,152.43,37.56,91,100,8.68,RU,1600881481
123,Vilyuysk,63.76,121.62,39.58,77,5,2.64,RU,1600881482
124,Lukoyanov,55.03,44.48,53.38,85,27,2.44,RU,1600881192
125,Dubbo,-32.25,148.62,42.8,87,26,6.93,AU,1600881483
126,Vila Velha,-20.33,-40.29,73.99,94,90,20.8,BR,1600881483
127,Berlevåg,70.86,29.09,44.6,70,75,14.99,NO,1600881485
128,Opuwo,-18.06,13.84,82.38,16,79,8.48,NA,1600881485
129,Tokur,53.13,132.9,38.93,91,30,2.06,RU,1600881486
130,Flinders,-34.58,150.86,55.0,65,0,1.01,AU,1600881486
131,Biltine,14.53,20.92,85.39,46,78,19.8,TD,1600881487
132,Mountain Home,43.13,-115.69,66.2,29,1,8.05,US,1600881487
133,Hithadhoo,-0.6,73.08,82.71,62,45,5.17,MV,1600881488
134,Chokurdakh,70.63,147.92,36.03,94,81,7.07,RU,1600881488
135,Olafsvik,64.89,-23.71,38.41,74,99,22.7,IS,1600881489
136,Tiksi,71.69,128.87,42.93,76,37,10.45,RU,1600881492
137,Shebalino,51.29,85.68,41.83,62,80,8.25,RU,1600881498
138,Bengkulu,-3.8,102.27,78.22,88,95,4.9,ID,1600881498
139,Japura,-0.32,102.35,76.15,94,76,1.77,ID,1600881499
140,Annau,37.89,58.52,71.6,28,0,6.93,TM,1600881499
141,Tual,-5.67,132.75,80.08,84,39,16.35,ID,1600881500
142,Hasaki,35.73,140.83,68.0,94,75,16.11,JP,1600881243
143,Pisco,-13.7,-76.22,64.99,77,75,8.05,PE,1600881501
144,Pyn U Lwin,22.03,96.47,67.93,100,100,1.1,MM,1600881501
145,Kailua,21.4,-157.74,79.0,74,20,10.29,US,1600881502
146,Mauá,-23.67,-46.46,69.01,72,90,9.17,BR,1600881502
147,Klaksvík,62.23,-6.59,44.6,93,59,8.05,FO,1600881503
148,Tadine,-21.55,167.88,67.91,81,1,9.26,NC,1600881503
149,Airai,-8.93,125.41,61.16,60,0,3.0,TL,1600881504
150,Ostrovnoy,68.05,39.51,45.37,69,83,14.29,RU,1600881504
151,Yerbogachën,61.28,108.01,43.41,88,7,4.18,RU,1600881505
152,Bredasdorp,-34.53,20.04,55.4,82,0,1.12,ZA,1600881505
153,Vredendal,-31.67,18.5,73.81,34,0,11.68,ZA,1600881506
154,Praxédis Guerrero,31.37,-106.02,86.0,19,40,9.48,MX,1600881507
155,Puebloviejo,10.99,-74.28,89.6,75,40,5.82,CO,1600881508
156,Hambantota,6.12,81.12,80.6,83,40,5.82,LK,1600881341
157,Anadyr,64.75,177.48,35.6,93,100,11.18,RU,1600881509
158,Igrim,63.19,64.42,40.98,96,100,3.71,RU,1600881509
159,Batagay,67.63,134.63,37.17,80,33,0.74,RU,1600881510
160,Ambāh,26.71,78.23,80.01,85,100,9.37,IN,1600881511
161,Kununurra,-15.77,128.73,77.0,83,37,5.06,AU,1600881511
162,Togitsu,32.83,129.85,70.99,87,100,4.41,JP,1600881246
163,Russell,32.35,-85.2,77.0,61,90,6.93,US,1600881512
164,Vanavara,60.34,102.28,41.41,88,87,6.85,RU,1600881513
165,Lorengau,-2.02,147.27,82.11,70,84,5.55,PG,1600881515
166,Bairnsdale,-37.83,147.62,42.01,90,22,8.99,AU,1600881515
167,Te Anau,-45.42,167.72,44.19,85,55,5.1,NZ,1600881516
168,Xingyi,24.19,102.82,57.42,95,100,3.29,CN,1600881516
169,Kudahuvadhoo,2.67,72.89,82.62,75,82,10.65,MV,1600881517
170,Nyurba,63.28,118.33,40.98,75,0,4.0,RU,1600881517
171,Morros,-9.45,-46.3,98.15,23,47,7.58,BR,1600881522
172,Nicolás R Casillas,20.53,-103.47,75.0,64,75,4.38,MX,1600881523
173,Thompson,55.74,-97.86,44.6,70,75,3.36,CA,1600881523
174,Vostok,46.49,135.88,41.97,98,0,3.13,RU,1600881524
175,Puksoozero,62.59,40.61,42.19,80,23,5.86,RU,1600881524
176,Alta Floresta,-9.88,-56.09,101.98,24,5,5.55,BR,1600881525
177,Ambon City,-3.7,128.18,79.23,86,83,6.96,ID,1600881525
178,Isangel,-19.55,169.27,70.45,84,5,9.51,VU,1600881526
179,Porto Santo,33.07,-16.34,77.0,73,40,10.29,PT,1600881526
180,Severobaykal'sk,55.65,109.32,44.49,72,0,2.91,RU,1600881527
181,Vao,-22.67,167.48,69.8,77,28,11.59,NC,1600881527
182,Yenagoa,4.92,6.26,73.94,95,100,5.88,NG,1600881528
183,Ilulissat,69.22,-51.1,28.4,58,20,5.82,GL,1600881528
184,Guerrero Negro,27.98,-114.06,81.93,47,0,6.53,MX,1600881530
185,Huntsville,34.73,-86.59,72.0,56,90,4.7,US,1600881530
186,Whitecourt,54.15,-115.69,42.8,93,75,8.05,CA,1600881250
187,Dunedin,-45.87,170.5,51.01,86,64,4.32,NZ,1600881531
188,Brownsville,25.9,-97.5,86.0,66,1,6.93,US,1600881532
189,Barra do Garças,-15.89,-52.26,96.78,30,97,3.04,BR,1600881532
190,Mirny,62.54,113.96,41.0,82,0,4.47,RU,1600881533
191,San Cristobal,7.77,-72.22,87.8,48,40,24.16,VE,1600881533
192,Nikolskoye,59.7,30.79,64.0,77,0,6.71,RU,1600881535
193,Souillac,-20.52,57.52,69.8,73,40,5.82,MU,1600881535
194,Linjiang,41.81,126.91,51.31,86,64,1.45,CN,1600881536
195,Mezhdurechenskiy,59.6,65.93,41.43,90,100,10.54,RU,1600881536
196,Norman Wells,65.28,-126.83,42.8,75,20,6.93,CA,1600881537
197,Seoul,37.57,126.98,66.2,59,90,4.7,KR,1600881303
198,Cayenne,4.93,-52.33,91.4,55,74,12.75,GF,1600881538
199,Margate,51.38,1.39,64.0,78,100,3.0,GB,1600881538
200,Port Lincoln,-34.73,135.87,52.09,70,86,10.94,AU,1600881539
201,Mehamn,71.04,27.85,42.8,75,75,14.99,NO,1600881539
202,George Town,5.41,100.34,80.6,83,40,3.36,MY,1600881540
203,Severo-Kuril'sk,50.68,156.12,46.51,75,4,14.79,RU,1600881540
204,Burē,10.7,37.07,57.56,93,77,2.1,ET,1600881541
205,Necochea,-38.55,-58.74,54.0,78,47,10.0,AR,1600881541
206,Katsuura,35.13,140.3,66.2,93,75,24.16,JP,1600881503
207,Ahipara,-35.17,173.17,58.69,91,50,11.01,NZ,1600881542
208,Villazón,-22.09,-65.59,64.11,22,0,8.28,BO,1600881543
209,Kasane,-17.82,25.15,84.2,25,0,10.29,BW,1600881544
210,Baoqing,46.33,132.21,50.59,92,4,2.44,CN,1600881544
211,Sola,-13.88,167.55,78.17,82,11,19.66,VU,1600881545
212,Saint George,37.1,-113.58,82.0,23,1,3.36,US,1600881545
213,Oakdale,44.96,-92.96,80.01,60,1,8.05,US,1600881546
214,Ancud,-41.87,-73.82,53.64,58,0,4.81,CL,1600881546
215,Kuandian,40.73,124.78,56.95,89,77,1.34,CN,1600881547
216,Abu Dhabi,24.47,54.37,91.4,70,19,6.93,AE,1600881548
217,Clyde River,70.47,-68.59,33.8,74,20,9.17,CA,1600881550
218,Kavieng,-2.57,150.8,82.18,68,72,8.61,PG,1600881550
219,Kruisfontein,-34.0,24.73,61.0,78,44,4.92,ZA,1600881551
220,College,64.86,-147.8,46.4,65,90,8.05,US,1600881552
221,Gao,16.64,1.64,101.01,18,17,8.61,ML,1600881552
222,Ponta Delgada,37.73,-25.67,66.2,82,75,31.09,PT,1600881553
223,Prymors'k,46.73,36.34,67.55,45,0,8.93,UA,1600881554
224,Xining,36.62,101.77,51.75,65,75,0.38,CN,1600881555
225,Albina,5.5,-54.05,95.65,37,78,4.97,SR,1600881555
226,Puerto Colombia,10.99,-74.95,91.4,66,40,8.05,CO,1600881556
227,Port Elizabeth,-33.92,25.57,60.8,87,39,3.36,ZA,1600881556
228,Dezful,32.38,48.41,89.49,12,0,5.88,IR,1600881557
229,Mount Isa,-20.73,139.5,71.6,24,1,9.17,AU,1600881557
230,Mufulira,-12.55,28.24,75.99,42,3,14.0,ZM,1600881558
231,Zhigansk,66.77,123.37,39.72,75,43,3.94,RU,1600881558
232,Hamilton,39.18,-84.53,73.99,56,1,3.36,US,1600881559
233,Ruston,32.52,-92.64,66.2,93,90,9.17,US,1600881559
234,Cockburn Town,21.46,-71.14,83.19,74,7,10.83,TC,1600881562
235,Hūn,29.13,15.95,87.37,23,0,3.11,LY,1600881562
236,North Platte,41.12,-100.77,81.0,32,1,6.93,US,1600881563
237,Ketchikan,55.34,-131.65,55.4,100,90,25.28,US,1600881563
238,Makakilo City,21.35,-158.09,78.8,83,1,3.36,US,1600881564
239,Marfino,55.7,37.38,66.0,77,31,4.47,RU,1600881565
240,Ambilobe,-13.2,49.05,73.69,64,79,5.46,MG,1600881565
241,Pfarrkirchen,48.43,12.94,63.0,97,100,5.23,DE,1600881566
242,Obo,5.4,26.49,74.16,84,19,2.17,CF,1600881566
243,Carauari,-4.88,-66.9,77.83,89,100,3.31,BR,1600881568
244,Bethel,41.37,-73.41,75.0,49,1,10.29,US,1600881568
245,Pevek,69.7,170.31,37.56,94,100,19.26,RU,1600881569
246,Żurrieq,35.83,14.47,80.6,69,81,9.17,MT,1600881569
247,Torbay,47.67,-52.73,64.99,100,90,27.51,CA,1600881570
248,Koslan,63.46,48.9,41.72,86,55,5.84,RU,1600881570
249,Amga,60.9,131.96,36.54,82,18,1.9,RU,1600881571
250,Erzin,36.96,36.2,82.0,79,13,1.99,TR,1600881572
251,Weiser,44.25,-116.97,73.99,45,1,4.41,US,1600881573
252,Onguday,50.75,86.15,40.42,66,62,4.27,RU,1600881573
253,Mastic Beach,40.77,-72.85,75.0,52,0,5.01,US,1600881574
254,Walvis Bay,-22.96,14.51,55.99,87,40,6.93,NA,1600881574
255,Broken Hill,-31.95,141.43,48.2,81,0,8.05,AU,1600881575
256,Huarmey,-10.07,-78.15,68.13,67,68,8.21,PE,1600881575
257,Kahului,20.89,-156.47,75.2,64,40,3.36,US,1600881581
258,Benguela,-12.58,13.41,73.4,78,27,6.93,AO,1600881581
259,Puerto Rico,-26.8,-55.02,91.45,25,0,2.26,AR,1600881582
260,Khandyga,62.67,135.6,37.78,79,0,2.28,RU,1600881584
261,Turukhansk,65.82,87.98,39.79,83,29,8.34,RU,1600881585
262,Eureka,40.8,-124.16,72.0,72,98,1.99,US,1600881586
263,Cabra,37.47,-4.44,78.01,52,1,11.72,ES,1600881586
264,Ribe,55.33,8.77,62.6,88,66,12.75,DK,1600881587
265,Gold Coast,-28.0,153.43,66.2,52,100,9.17,AU,1600881300
266,Karasjok,69.47,25.51,46.4,70,100,46.08,NO,1600881588
267,Gorontalo,0.54,123.06,74.91,89,99,2.1,ID,1600881588
268,Sinnamary,5.38,-52.95,86.7,61,98,13.58,GF,1600881589
269,Veinticinco de Mayo,-35.43,-60.17,71.62,47,99,4.68,AR,1600881589
270,Bagua Grande,-5.76,-78.44,82.38,56,76,7.23,PE,1600881590
271,Longyearbyen,78.22,15.64,32.0,91,75,11.41,SJ,1600881590
272,Namie,37.48,141.0,70.0,62,100,15.93,JP,1600881471
273,Esso,55.93,158.7,30.9,94,17,4.27,RU,1600881591
274,Yakima,46.47,-120.67,66.2,48,75,10.29,US,1600881592
275,Itarantim,-15.66,-40.07,84.63,52,45,11.45,BR,1600881592
276,Faya,18.39,42.45,77.0,14,66,12.75,SA,1600881593
277,Ust-Tsilma,65.44,52.15,38.34,88,29,6.71,RU,1600881593
278,Mutoko,-17.4,32.23,63.1,51,0,8.28,ZW,1600881595
279,Yermekeyevo,54.08,53.67,48.06,68,43,7.74,RU,1600881595
280,Byron Bay,-28.65,153.62,66.0,67,100,6.93,AU,1600881596
281,Sabzawār,36.21,57.68,64.44,26,0,11.21,IR,1600881596
282,Deputatsky,69.3,139.9,32.49,95,32,4.34,RU,1600881597
283,Arlit,18.74,7.39,100.6,10,0,16.13,NE,1600881597
284,Wadi Maliz,36.47,8.55,82.4,54,40,8.05,TN,1600881598
285,Rudnaya Pristan',44.36,135.81,52.75,82,22,9.26,RU,1600881598
286,Semey,50.41,80.23,55.8,45,100,29.1,KZ,1600881599
287,Mabaruma,8.2,-59.78,91.94,54,37,7.52,GY,1600881601
288,Talagante,-33.67,-70.93,75.2,33,100,2.24,CL,1600881601
289,Ambatondrazaka,-17.83,48.42,58.33,92,15,4.85,MG,1600881602
290,Rabo de Peixe,37.8,-25.58,66.2,82,75,31.09,PT,1600881602
291,Pedernales,18.04,-71.74,91.4,66,40,13.87,DO,1600881603
292,Puerto Limón,10.0,-83.03,86.0,74,75,4.7,CR,1600881603
293,Nicoya,10.15,-85.45,86.0,74,75,3.36,CR,1600881605
294,Ballina,-28.87,153.57,66.0,67,92,6.93,AU,1600881605
295,Morgan City,29.7,-91.21,80.6,88,75,9.17,US,1600881607
296,Lokosovo,61.13,74.82,39.63,92,100,7.87,RU,1600881607
297,Huesca,42.14,-0.41,71.6,53,20,6.93,ES,1600881608
298,Avera,33.19,-82.53,73.4,60,40,3.36,US,1600881608
299,Camopi,3.17,-52.32,96.84,34,70,5.17,GF,1600881609
300,Vrangel',42.73,133.08,56.16,86,52,6.24,RU,1600881609
301,Great Falls,47.5,-111.3,66.2,37,1,12.75,US,1600881610
302,Chui,-33.7,-53.46,64.72,59,71,4.05,UY,1600881610
303,Marabu,4.41,114.01,73.4,100,40,5.03,MY,1600881611
304,Rognan,67.1,15.39,50.0,70,94,1.01,NO,1600881611
305,Coyhaique,-45.58,-72.07,51.8,43,20,8.05,CL,1600881612
306,Vila Franca do Campo,37.72,-25.43,66.2,82,75,31.09,PT,1600881612
307,Labuhan,-6.88,112.21,79.68,81,68,7.05,ID,1600881613
308,Fairbanks,64.84,-147.72,46.4,93,90,4.34,US,1600881613
309,Bam,29.11,58.36,73.22,20,0,11.01,IR,1600881614
310,Namatanai,-3.67,152.43,79.2,68,28,4.41,PG,1600881614
311,Dedza,-14.38,34.33,61.56,63,3,6.02,MW,1600881615
312,Sakakah,29.97,40.21,96.8,11,6,3.36,SA,1600881616
313,Uzunovo,54.54,38.62,58.57,79,78,5.14,RU,1600881617
314,Tamandaré,-8.76,-35.1,80.26,67,46,12.24,BR,1600881617
315,Itoman,26.12,127.67,80.6,88,20,1.12,JP,1600881618
316,Hvolsvollur,63.75,-20.22,42.8,56,20,11.41,IS,1600881618
317,Saint-Léonard,47.17,-67.92,66.99,58,40,5.01,CA,1600881619
318,Ojinaga,29.57,-104.42,82.0,28,1,5.82,MX,1600881619
319,Kilrush,52.64,-9.48,57.2,54,20,8.05,IE,1600881620
320,Noratus,40.38,45.18,54.66,83,26,5.14,AM,1600881620
321,Harper,4.38,-7.72,78.3,85,53,12.68,LR,1600881621
322,Ajdabiya,30.76,20.23,77.68,56,0,9.71,LY,1600881621
323,Kieta,-6.22,155.63,78.53,72,95,3.42,PG,1600881622
324,Puqi,29.72,113.88,64.0,91,93,2.48,CN,1600881622
325,Doha,25.29,51.53,93.2,56,0,4.7,QA,1600881623
326,Morondava,-20.28,44.28,77.61,67,0,19.57,MG,1600881623
327,Iwaki,37.05,140.88,71.01,84,100,4.0,JP,1600881418
328,Magalia,39.81,-121.58,77.0,31,40,4.7,US,1600881625
329,Sur,22.57,59.53,82.22,58,58,0.49,OM,1600881422
330,Palu,-0.89,119.87,76.28,82,100,1.61,ID,1600881626
331,Whitianga,-36.83,175.7,59.0,93,74,5.01,NZ,1600881441
332,Tagusao,9.19,117.81,81.64,77,39,5.35,PH,1600881627
333,Jardim do Seridó,-6.58,-36.77,98.42,19,0,16.35,BR,1600881628
334,Haines Junction,60.75,-137.51,40.66,78,100,1.99,CA,1600881628
335,Mumford,5.26,-0.76,76.62,85,64,13.94,GH,1600881629
336,Belaya Gora,68.53,146.42,38.84,84,10,7.49,RU,1600881629
337,Provideniya,64.38,-173.3,36.81,81,5,3.76,RU,1600881630
338,Dukat,62.55,155.55,28.36,92,97,3.98,RU,1600881631
339,Sioux Lookout,50.1,-91.92,55.4,82,75,5.82,CA,1600881631
340,Karratha,-20.74,116.85,71.29,45,3,5.48,AU,1600881514
341,Darhan,49.49,105.92,44.42,59,6,0.54,MN,1600881632
342,Areosa,41.72,-8.86,68.0,77,20,5.82,PT,1600881632
343,Praia,14.92,-23.51,87.8,58,20,9.17,CV,1600881633
344,Stettler,52.32,-112.72,57.99,73,23,8.01,CA,1600881634
345,Nchelenge,-9.35,28.73,78.62,47,17,1.88,ZM,1600881634
346,Samarai,-10.62,150.67,78.04,86,79,13.0,PG,1600881635
347,Province of Groningen,53.25,6.75,63.0,88,20,8.05,NL,1600881445
348,Roura,4.73,-52.33,91.4,55,76,12.75,GF,1600881636
349,Dzhebariki-Khaya,62.22,135.8,36.66,82,0,0.81,RU,1600881636
350,Fairlie,55.76,-4.86,54.0,73,99,1.88,GB,1600881637
351,Ghanzi,-21.57,21.78,79.7,21,1,7.58,BW,1600881637
352,Gryazovets,58.88,40.25,50.16,93,5,5.1,RU,1600881638
353,Bathsheba,13.22,-59.52,89.6,66,20,13.87,BB,1600881638
354,Lock Haven,41.14,-77.45,77.0,36,1,9.17,US,1600881639
355,Bontang,0.13,117.5,76.5,88,100,4.38,ID,1600881639
356,Kuvshinovo,57.03,34.17,55.63,93,1,4.97,RU,1600881640
357,Yulara,-25.24,130.99,60.8,25,0,10.29,AU,1600881640
358,São José da Coroa Grande,-8.9,-35.15,79.92,68,44,12.8,BR,1600881641
359,Baiyin,36.56,104.21,60.01,93,40,4.47,CN,1600881641
360,Lexington,37.99,-84.48,71.01,60,1,6.93,US,1600881642
361,Arrondissement de Sarreguemines,49.08,7.33,68.0,88,20,2.24,FR,1600881642
362,Abu Samrah,35.3,37.18,74.84,55,0,10.16,SY,1600881643
363,Atar,20.52,-13.05,105.19,12,20,6.87,MR,1600881643
364,Nouadhibou,20.93,-17.03,78.8,69,0,18.34,MR,1600881644
365,Puerto del Rosario,28.5,-13.86,82.4,61,20,27.51,ES,1600881645
366,Yakeshi,49.28,120.73,38.62,86,0,5.59,CN,1600881645
367,Asău,46.43,26.4,57.99,84,3,0.58,RO,1600881646
368,Sovetskiy,61.36,63.58,42.35,91,99,6.96,RU,1600881646
369,Atambua,-9.11,124.89,72.45,79,20,4.5,ID,1600881647
370,Cidreira,-30.18,-50.21,66.69,66,4,11.07,BR,1600881647
371,Lata,40.16,-8.33,75.0,74,95,5.01,PT,1600881648
372,Marawi,8.0,124.29,77.0,87,84,3.0,PH,1600881649
373,Port Moresby,-9.44,147.18,75.06,92,72,7.58,PG,1600881649
374,Rafaela,-31.25,-61.49,82.99,14,20,1.99,AR,1600881650
375,Tommot,58.96,126.29,38.97,75,0,2.06,RU,1600881650
376,Pitiquito,30.7,-112.08,88.0,48,0,3.47,MX,1600881651
377,Manadhoo,5.77,73.38,82.13,79,65,12.88,MV,1600881652
378,Simpang,-1.27,104.08,76.41,94,37,2.28,ID,1600881653
379,Baruun-Urt,46.68,113.28,40.96,69,4,6.08,MN,1600881653
380,São Filipe,14.9,-24.5,80.91,77,17,5.37,CV,1600881654
381,Tomatlán,19.93,-105.25,91.62,60,28,1.01,MX,1600881654
382,Padang,-0.95,100.35,75.79,83,100,4.52,ID,1600881655
383,Collie,-33.37,116.15,57.0,54,0,7.83,AU,1600881655
384,Touros,-5.2,-35.46,86.0,55,40,17.22,BR,1600881656
385,Kitimat,54.05,-128.65,51.01,94,100,2.26,CA,1600881657
386,Krotovka,53.29,51.17,50.83,80,23,7.02,RU,1600881658
387,Pingliang,35.54,106.69,55.76,75,2,3.62,CN,1600881658
388,Woodward,36.43,-99.39,75.2,68,40,3.04,US,1600881659
389,Beidao,34.57,105.89,57.36,75,0,3.49,CN,1600881407
390,Tuatapere,-46.13,167.68,51.01,75,52,7.0,NZ,1600881660
391,Oktyabr'skoye,43.06,44.74,60.8,82,15,6.71,RU,1600881661
392,North Bend,43.41,-124.22,71.6,68,90,12.75,US,1600881661
393,Lubango,-14.92,13.49,82.4,45,44,4.7,AO,1600881662
394,Ferrol,43.48,-8.24,66.2,68,20,11.41,ES,1600881662
395,Siocon,7.71,122.14,79.54,78,69,2.3,PH,1600881663
396,Thoen,17.61,99.22,77.38,90,100,0.94,TH,1600881663
397,Tilichiki,60.47,166.1,31.19,93,14,5.7,RU,1600881664
398,Al Bardīyah,31.76,25.09,75.0,77,0,10.92,LY,1600881664
399,Maţāy,28.42,30.78,85.73,34,0,10.67,EG,1600881665
400,Lawrenceburg,38.04,-84.9,73.99,56,1,3.36,US,1600881665
401,Uvalde,29.37,-99.77,84.0,57,40,8.05,US,1600881666
402,Santa Rosalía,27.32,-112.28,90.93,38,0,4.23,MX,1600881668
403,Ulsteinvik,62.34,5.85,46.99,81,20,10.29,NO,1600881668
404,Neuquén,-38.95,-68.06,66.2,29,2,6.93,AR,1600881669
405,Kristinestad,62.27,21.38,54.68,83,59,15.01,FI,1600881669
406,Emba,48.83,58.14,60.62,52,0,12.15,KZ,1600881670
407,Athabasca,54.72,-113.29,58.59,70,14,14.29,CA,1600881394
408,Logan Lake,50.5,-120.8,60.8,67,75,11.41,CA,1600881672
409,Artyom,40.47,50.33,69.8,73,0,4.7,AZ,1600881673
410,Örnsköldsvik,63.29,18.72,51.8,100,34,6.93,SE,1600881673
411,Tura,25.52,90.22,73.65,98,100,6.24,IN,1600881674
412,Muborak,39.26,65.15,62.38,27,0,13.29,UZ,1600881674
413,Gijang,35.24,129.21,68.0,68,75,9.17,KR,1600881576
414,Khovd,48.01,91.64,51.3,47,59,0.76,MN,1600881675
415,Qaqortoq,60.72,-46.03,44.6,19,40,8.05,GL,1600881676
416,Kavaratti,10.57,72.64,81.66,81,99,18.52,IN,1600881678
417,Sangar,63.92,127.47,39.87,78,95,1.59,RU,1600881678
418,Fort Nelson,58.81,-122.7,39.2,93,90,5.82,CA,1600881679
419,Riverton,40.52,-111.94,77.0,36,7,11.41,US,1600881680
420,El Congo,13.91,-89.5,87.8,58,20,2.24,SV,1600881680
421,Blagoyevo,63.37,47.92,40.06,89,26,4.03,RU,1600881681
422,Vardø,70.37,31.11,46.4,70,97,21.92,NO,1600881681
423,Tonneins,44.39,0.31,73.0,72,72,3.0,FR,1600881682
424,Gualaquiza,-3.4,-78.55,63.75,90,100,0.36,EC,1600881682
425,Chicama,-7.84,-79.15,73.09,58,71,9.71,PE,1600881683
426,Shelburne,44.08,-80.2,73.99,53,20,6.93,CA,1600881683
427,Nizhniy Kuranakh,58.84,125.49,38.71,79,0,2.04,RU,1600881684
428,Bambanglipuro,-7.95,110.28,77.54,86,93,2.55,ID,1600881684
429,Bazarnye Mataki,54.88,49.93,49.12,74,16,5.66,RU,1600881685
430,Zhengjiatun,43.51,123.51,55.04,80,80,4.56,CN,1600881685
431,Zelenogradsk,54.96,20.48,69.8,68,21,4.47,RU,1600881686
432,Grindavik,63.84,-22.43,39.2,69,75,19.46,IS,1600881686
433,Aklavik,68.22,-135.01,33.8,100,90,6.93,CA,1600881687
434,Hazorasp,41.32,61.07,59.0,54,0,4.7,UZ,1600881688
435,Kandrian,-6.22,149.55,76.64,89,94,2.77,PG,1600881690
436,Los Llanos de Aridane,28.66,-17.92,80.6,61,20,1.12,ES,1600881690
437,Pangnirtung,66.15,-65.71,41.0,35,90,13.87,CA,1600881691
438,Taku,39.02,117.65,62.6,100,40,4.47,CN,1600881691
439,Caxito,-8.58,13.66,77.0,73,20,9.17,AO,1600881692
440,Codrington,-38.27,141.97,44.31,84,96,7.94,AU,1600881692
441,Parker,32.77,-97.8,69.01,91,99,4.0,US,1600881693
442,Palau,7.5,134.62,75.2,94,75,4.7,PW,1600881693
443,Mazara del Vallo,37.66,12.59,82.0,74,20,6.93,IT,1600881694
444,Oistins,13.07,-59.53,89.6,66,20,13.87,BB,1600881695
445,Altona,53.55,9.93,70.0,59,20,3.36,DE,1600881695
446,Baculin,7.45,126.58,80.02,81,100,7.11,PH,1600881696
447,Coruripe,-10.13,-36.18,79.27,68,69,12.1,BR,1600881696
448,Dourbali,11.81,15.86,88.99,39,35,6.51,TD,1600881697
449,Kenai,60.55,-151.26,51.01,81,90,12.75,US,1600881697
450,Urucará,-2.54,-57.76,101.91,28,8,5.7,BR,1600881698
451,Kiryat Gat,31.61,34.76,82.0,74,0,7.36,IL,1600881698
452,Ol'ga,43.74,135.29,50.67,90,96,6.93,RU,1600881699
453,Beloha,-25.17,45.05,60.6,73,0,11.36,MG,1600881699
454,Santa Marta,11.24,-74.2,89.6,75,40,5.82,CO,1600881700
455,Rongcheng,30.63,117.85,61.47,82,37,0.78,CN,1600881700
456,Songea,-10.68,35.65,73.4,60,40,11.41,TZ,1600881701
457,Paso de los Toros,-32.82,-56.52,69.8,46,75,6.93,UY,1600881701
458,Shirokaya Rechka,56.8,60.49,46.4,70,20,20.13,RU,1600881702
459,Bowen,-20.02,148.23,68.0,100,90,4.7,AU,1600881702
460,Foz,43.57,-7.25,71.01,51,100,9.69,ES,1600881703
461,Ürümqi,43.8,87.6,64.4,36,96,8.95,CN,1600881704
462,Petropavlovsk-Kamchatskiy,53.05,158.65,35.6,100,53,6.71,RU,1600881704
463,Raudeberg,61.99,5.14,48.0,76,64,12.66,NO,1600881706
464,Lombardía,19.15,-102.03,70.0,63,42,1.99,MX,1600881707
465,Guayaramerín,-10.84,-65.36,89.6,52,59,3.36,BO,1600881708
466,Plácido de Castro,-10.34,-67.19,93.2,40,65,3.15,BR,1600881708
467,Hervey Bay,-25.3,152.85,71.01,91,100,1.01,AU,1600881709
468,Nabire,-3.37,135.48,75.4,85,77,3.49,ID,1600881709
469,Yabassi,4.46,9.97,80.6,83,40,3.36,CM,1600881710
470,Kiruna,67.86,20.23,44.6,93,94,17.22,SE,1600881710
471,Calolziocorte,45.8,9.44,68.0,82,26,2.39,IT,1600881711
472,Borogontsy,62.67,131.17,39.11,82,0,1.07,RU,1600881711
473,Beringovskiy,63.05,179.32,40.44,71,61,8.3,RU,1600881712
474,Stromness,58.97,-3.3,50.0,66,20,4.7,GB,1600881712
475,Yarim,14.3,44.38,62.78,58,100,2.21,YE,1600881713
476,Riachão do Jacuípe,-11.81,-39.39,86.99,46,100,9.8,BR,1600881713
477,Plouzané,48.38,-4.62,59.0,67,40,12.75,FR,1600881714
478,Acapulco de Juárez,16.86,-99.89,87.8,74,5,5.82,MX,1600881714
479,Caernarfon,53.14,-4.27,53.6,66,99,8.05,GB,1600881716
480,Marinette,45.1,-87.63,75.2,69,1,3.36,US,1600881716
481,Nikolayevsk-on-Amur,53.14,140.73,44.28,79,0,2.39,RU,1600881717
482,Pacific Grove,36.62,-121.92,72.0,68,1,3.36,US,1600881718
483,Pathein,16.78,94.73,77.0,93,100,1.25,MM,1600881718
484,Hofn,64.25,-15.21,41.0,56,20,17.22,IS,1600881719
485,Homer,59.64,-151.55,50.0,93,90,4.14,US,1600881719
486,San Fernando del Valle de Catamarca,-28.47,-65.79,83.79,18,15,2.37,AR,1600881720
487,Ulaangom,49.98,92.07,53.1,42,50,7.34,MN,1600881721
488,Jiwani,25.05,61.74,84.22,66,0,2.68,PK,1600881721
489,Saldanha,-33.01,17.94,66.2,63,0,11.41,ZA,1600881722
490,Ladybrand,-29.19,27.46,58.48,33,0,4.21,ZA,1600881722
491,Boyuibe,-20.42,-63.28,91.4,19,0,11.41,BO,1600881724
492,Awjilah,29.11,21.29,83.19,31,0,6.33,LY,1600881724
493,Omsukchan,62.53,155.8,30.43,91,99,5.21,RU,1600881725
494,Bilibino,68.05,166.44,34.27,91,100,5.12,RU,1600881725
495,Nuristan,35.3,70.83,37.92,68,7,4.83,AF,1600881726
496,Peniche,39.36,-9.38,73.0,87,93,3.0,PT,1600881726
497,Comodoro Rivadavia,-45.87,-67.5,64.4,43,0,13.87,AR,1600881727
498,Vanimo,-2.67,141.3,77.85,84,96,4.07,PG,1600881727
499,Kuminskiy,58.67,66.57,41.56,90,100,11.99,RU,1600881728
500,Aykino,62.22,49.99,39.52,90,27,5.75,RU,1600881728
501,Kiama,-34.68,150.87,55.0,64,0,10.0,AU,1600881729
502,Zwedru,6.07,-8.13,79.74,88,20,4.52,LR,1600881729
503,Conceição da Barra,-18.59,-39.73,77.23,72,95,8.19,BR,1600881730
504,Verkhnyaya Khava,51.84,39.94,59.0,51,61,2.24,RU,1600881731
505,Concordia,-31.39,-58.02,78.8,39,30,11.41,AR,1600881731
506,Thisted,56.96,8.69,62.01,81,83,12.71,DK,1600881732
507,La Rioja,42.25,-2.5,77.0,47,40,5.82,ES,1600881733
508,Longyan,25.11,117.02,72.37,88,98,2.21,CN,1600881518
509,Nanortalik,60.14,-45.24,39.25,73,91,12.08,GL,1600881734
510,Malbork,54.04,19.03,64.99,100,89,8.08,PL,1600881736
511,Kumul,42.8,93.45,69.8,27,20,7.54,CN,1600881736
512,Roald,62.58,6.13,48.2,66,40,3.36,NO,1600881737
513,Kasama,-10.21,31.18,73.62,40,61,9.64,ZM,1600881737
514,Nador,35.17,-2.93,86.0,69,78,14.99,MA,1600881738
515,Lianzhou,24.78,112.38,66.49,85,91,3.69,CN,1600881739
516,Tambacounda,13.75,-13.76,89.6,59,40,11.41,SN,1600881739
517,Tveit,58.23,8.12,59.0,93,40,8.05,NO,1600881740
518,Zyryanka,65.75,150.85,37.49,89,75,7.45,RU,1600881740
519,Altay,47.87,88.12,46.35,56,37,2.24,CN,1600881741
520,Biak,-0.91,122.88,77.52,78,96,4.83,ID,1600881741
521,Bantry,51.68,-9.45,55.4,66,30,4.7,IE,1600881742
522,Vesele,47.01,34.91,63.41,40,0,5.1,UA,1600881743
523,Kabanjahe,3.1,98.49,64.44,98,97,4.59,ID,1600881744
524,Sūsangerd,31.56,48.18,87.8,33,0,2.24,IR,1600881744
525,Korla,41.76,86.15,75.0,64,92,1.99,CN,1600881684
526,Carstairs,51.57,-114.1,63.0,55,95,3.0,CA,1600881745
527,Aichach,48.46,11.13,64.0,88,90,3.85,DE,1600881746
528,Salé,34.04,-6.82,84.2,42,100,6.93,MA,1600881746
529,Warwick,41.7,-71.42,77.0,38,5,17.22,US,1600881749
530,Ukholovo,53.79,40.49,54.0,70,100,1.77,RU,1600881749
531,Terrace Bay,48.78,-87.1,55.4,87,90,6.93,CA,1600881750
532,Agua Verde,22.9,-106.05,88.0,78,75,1.66,MX,1600881750
533,Ilhéus,-14.79,-39.05,78.8,78,40,9.17,BR,1600881751
534,Kilindoni,-7.91,39.67,78.12,81,1,16.64,TZ,1600881751
535,Linhares,-19.39,-40.07,72.54,86,99,3.38,BR,1600881753
536,Tautira,-17.73,-149.15,78.8,65,20,8.05,PF,1600881753
537,‘Ewa Beach,21.32,-158.01,78.8,78,1,3.36,US,1600881754
538,Chabahar,25.29,60.64,87.8,66,23,9.17,IR,1600881755
539,Lixouri,38.2,20.43,75.2,94,40,5.82,GR,1600881755
540,Deer Lake,49.17,-57.43,71.6,73,90,12.75,CA,1600881756
541,Fairhope,30.52,-87.9,81.0,69,90,13.87,US,1600881756
542,Serebryansk,49.69,83.29,60.8,29,75,20.13,KZ,1600881757
543,Dudinka,69.41,86.18,37.4,86,100,6.71,RU,1600881757
544,Yeniseysk,58.45,92.17,46.8,91,100,6.8,RU,1600881758
545,Tromsø,69.65,18.96,46.4,75,40,4.7,NO,1600881754
546,Telixtac,18.57,-98.77,75.0,83,40,3.36,MX,1600881760
547,Escárcega,18.61,-90.75,91.92,49,0,3.6,MX,1600881761
548,Makat,47.65,53.35,66.31,40,0,10.42,KZ,1600881762
549,Brae,60.4,-1.35,51.8,62,20,1.12,GB,1600881762
550,Kamphaeng Phet,16.48,99.52,82.0,99,100,1.54,TH,1600881763
551,Chernyshevskiy,63.01,112.47,41.83,83,0,4.56,RU,1600881763
552,São João da Barra,-21.64,-41.05,69.8,83,90,11.41,BR,1600881764
553,High Level,58.52,-117.14,53.6,66,75,9.17,CA,1600881764
554,Santiago de Chuco,-8.15,-78.18,62.58,44,44,4.54,PE,1600881765
555,Storslett,69.77,21.02,51.8,66,40,21.92,NO,1600881765
556,Almaznyy,48.04,40.05,66.2,32,0,8.95,RU,1600881766
